{"_type":"export","__export_format":4,"__export_date":"2023-03-30T07:15:17.622Z","__export_source":"insomnia.desktop.app:v2022.6.0","resources":[{"_id":"req_84ff4f4a4b074d028f03d5989a3234f8","parentId":"wrk_1da6340bd3484348a609079c94d323aa","modified":1680160409714,"created":1680150599388,"url":"http://127.0.0.1:8000/api/book","name":"Check-in","description":"","method":"POST","body":{"mimeType":"application/json","text":"{\n\t\"code\": 100,\n\t\"driver\": 123,\n\t\"type\": \"onsite\",\n\t\"time\": \"2023-03-30T04:51:32.086Z\"\n}"},"parameters":[],"headers":[{"name":"Content-Type","value":"application/json"}],"authentication":{},"metaSortKey":-1680150599388,"isPrivate":false,"settingStoreCookies":true,"settingSendCookies":true,"settingDisableRenderRequestBody":false,"settingEncodeUrl":true,"settingRebuildPath":true,"settingFollowRedirects":"global","_type":"request"},{"_id":"wrk_1da6340bd3484348a609079c94d323aa","parentId":null,"modified":1680143792504,"created":1680143792504,"name":"Parking Management","description":"","scope":"collection","_type":"workspace"},{"_id":"req_8fc2458db6cc4532b121e0a589ab7458","parentId":"wrk_1da6340bd3484348a609079c94d323aa","modified":1680160376073,"created":1680160321249,"url":"http://127.0.0.1:8000/api/book","name":"Checkout","description":"","method":"DELETE","body":{"mimeType":"application/json","text":"{\n\t\"code\": 100,\n\t\"driver\": 123,\n\t\"type\": \"onsite\",\n\t\"time\": \"2023-03-30T04:51:32.086Z\"\n}"},"parameters":[],"headers":[{"name":"Content-Type","value":"application/json","id":"pair_16f4a276a9974d85914af6fd6140baae"}],"authentication":{},"metaSortKey":-1680150461509,"isPrivate":false,"settingStoreCookies":true,"settingSendCookies":true,"settingDisableRenderRequestBody":false,"settingEncodeUrl":true,"settingRebuildPath":true,"settingFollowRedirects":"global","_type":"request"},{"_id":"req_8b7f515bd2d04fc28b415f819c6c4038","parentId":"wrk_1da6340bd3484348a609079c94d323aa","modified":1680160377287,"created":1680160338550,"url":"http://127.0.0.1:8000/api/book","name":"Confirm","description":"","method":"PUT","body":{"mimeType":"application/json","text":"{\n\t\"code\": 100,\n\t\"driver\": 123,\n\t\"type\": \"onsite\",\n\t\"time\": \"2023-03-30T04:51:32.086Z\"\n}"},"parameters":[],"headers":[{"name":"Content-Type","value":"application/json","id":"pair_880d7439cdd640fba03295f0ccd68c74"}],"authentication":{},"metaSortKey":-1680150392569.5,"isPrivate":false,"settingStoreCookies":true,"settingSendCookies":true,"settingDisableRenderRequestBody":false,"settingEncodeUrl":true,"settingRebuildPath":true,"settingFollowRedirects":"global","_type":"request"},{"_id":"req_a7d70611b3e64c09b8fe15dd49c40f49","parentId":"wrk_1da6340bd3484348a609079c94d323aa","modified":1680150562265,"created":1680150323630,"url":"http://127.0.0.1:8000/api/slot","name":"Get Free Slot","description":"","method":"GET","body":{},"parameters":[],"headers":[],"authentication":{"type":"bearer","token":"","prefix":""},"metaSortKey":-1680150323630,"isPrivate":false,"settingStoreCookies":true,"settingSendCookies":true,"settingDisableRenderRequestBody":false,"settingEncodeUrl":true,"settingRebuildPath":true,"settingFollowRedirects":"global","_type":"request"},{"_id":"req_f752b0217c244b929abd2c18831e3193","parentId":"wrk_1da6340bd3484348a609079c94d323aa","modified":1680150310344,"created":1680150252112,"url":"http://127.0.0.1:8000/api/slots/101","name":"Delete slot","description":"","method":"DELETE","body":{},"parameters":[],"headers":[],"authentication":{"type":"bearer","token":"952c8c528369c6a2999d2471cda66b5775b6bbf4","prefix":"Token"},"metaSortKey":-1680150252112,"isPrivate":false,"settingStoreCookies":true,"settingSendCookies":true,"settingDisableRenderRequestBody":false,"settingEncodeUrl":true,"settingRebuildPath":true,"settingFollowRedirects":"global","_type":"request"},{"_id":"req_00788110338b418d8a403f569802e2f7","parentId":"wrk_1da6340bd3484348a609079c94d323aa","modified":1680150248697,"created":1680149616566,"url":"http://127.0.0.1:8000/api/slots","name":"Get All Data","description":"","method":"GET","body":{},"parameters":[],"headers":[],"authentication":{"type":"bearer","token":"952c8c528369c6a2999d2471cda66b5775b6bbf4","prefix":"Token"},"metaSortKey":-1680149616566,"isPrivate":false,"settingStoreCookies":true,"settingSendCookies":true,"settingDisableRenderRequestBody":false,"settingEncodeUrl":true,"settingRebuildPath":true,"settingFollowRedirects":"global","_type":"request"},{"_id":"req_fd0d14caf4764040af36c13bc4375894","parentId":"wrk_1da6340bd3484348a609079c94d323aa","modified":1680149595492,"created":1680148704486,"url":"http://127.0.0.1:8000/api/slots/10","name":"Create Slots","description":"","method":"POST","body":{},"parameters":[{"id":"pair_6d70c8e870814d36b367a99c94ccae5c","name":"","value":"","description":""}],"headers":[{"id":"pair_a7f2d154fb674e76a2ee06cc5200a860","name":"Content-Type","value":"application/json","description":""},{"name":"Authorization","value":"Token  952c8c528369c6a2999d2471cda66b5775b6bbf4","id":"pair_1cca445a94284cd0bbd08731818c5f57","disabled":false}],"authentication":{},"metaSortKey":-1680148704486,"isPrivate":false,"settingStoreCookies":true,"settingSendCookies":true,"settingDisableRenderRequestBody":false,"settingEncodeUrl":true,"settingRebuildPath":true,"settingFollowRedirects":"global","_type":"request"},{"_id":"req_b0f713f40d884892a9334cbc361aa7ad","parentId":"wrk_1da6340bd3484348a609079c94d323aa","modified":1680150649140,"created":1680148281514,"url":"http://127.0.0.1:8000/api/driver/add","name":"Driver","description":"","method":"POST","body":{"mimeType":"application/json","text":"{\n\t\"plate\": \"123\",\n\t\"name\": \"Anirudh\"\n}"},"parameters":[],"headers":[{"name":"Content-Type","value":"application/json"}],"authentication":{},"metaSortKey":-1680148281514,"isPrivate":false,"settingStoreCookies":true,"settingSendCookies":true,"settingDisableRenderRequestBody":false,"settingEncodeUrl":true,"settingRebuildPath":true,"settingFollowRedirects":"global","_type":"request"},{"_id":"req_3598ed4d06b24750a539df59272b4999","parentId":"wrk_1da6340bd3484348a609079c94d323aa","modified":1680148858715,"created":1680143939853,"url":"http://127.0.0.1:8000/api/user/register","name":"Register user","description":"","method":"POST","body":{"mimeType":"application/json","text":"{\n\t\"email\": \"user1@app.com\",\n\t\"password\": \"123456\",\n\t\"password2\": \"123456\"\n}"},"parameters":[],"headers":[{"name":"Content-Type","value":"application/json","id":"pair_4f51ef0ee7964e10bac7c3ef1e05e247"},{"id":"pair_315abe9910624032a4159b13700d7754","name":"Authorization","value":"952c8c528369c6a2999d2471cda66b5775b6bbf4","description":"","disabled":false}],"authentication":{},"metaSortKey":-1680143939853,"isPrivate":false,"settingStoreCookies":true,"settingSendCookies":true,"settingDisableRenderRequestBody":false,"settingEncodeUrl":true,"settingRebuildPath":true,"settingFollowRedirects":"global","_type":"request"},{"_id":"req_aa820bdb96014518ab18f88522096801","parentId":"wrk_1da6340bd3484348a609079c94d323aa","modified":1680144162171,"created":1680143817094,"url":"http://127.0.0.1:8000/api/user","name":"Get all users","description":"","method":"GET","body":{},"parameters":[],"headers":[{"id":"pair_beb66d0e86bf4c7180fb8dbd92d3c76b","name":"Authorization","value":"952c8c528369c6a2999d2471cda66b5775b6bbf4","description":""}],"authentication":{},"metaSortKey":-1680143817095,"isPrivate":false,"settingStoreCookies":true,"settingSendCookies":true,"settingDisableRenderRequestBody":false,"settingEncodeUrl":true,"settingRebuildPath":true,"settingFollowRedirects":"global","_type":"request"},{"_id":"env_7d5802549a2d188ffffc1513524f9d1b9159626d","parentId":"wrk_1da6340bd3484348a609079c94d323aa","modified":1680160396191,"created":1680143792542,"name":"Base Environment","data":{},"dataPropertyOrder":{},"color":null,"isPrivate":false,"metaSortKey":1680143792542,"_type":"environment"},{"_id":"jar_7d5802549a2d188ffffc1513524f9d1b9159626d","parentId":"wrk_1da6340bd3484348a609079c94d323aa","modified":1680143792548,"created":1680143792548,"name":"Default Jar","cookies":[],"_type":"cookie_jar"},{"_id":"spc_1e2ac9facaf84f5499972fa803cab47b","parentId":"wrk_1da6340bd3484348a609079c94d323aa","modified":1680143792530,"created":1680143792530,"fileName":"Parking Management","contents":"","contentType":"yaml","_type":"api_spec"},{"_id":"env_a8af71996fb94318ace0f0e33a4c9ff3","parentId":"env_7d5802549a2d188ffffc1513524f9d1b9159626d","modified":1680160400426,"created":1680160399847,"name":"New Environment","data":{},"dataPropertyOrder":{},"color":null,"isPrivate":false,"metaSortKey":1680160399847,"_type":"environment"}]}